Category,Count,Ratio
물류/배송,3101,0.4349228611500701
기타/불명,2548,0.3573632538569425
서비스/응대,1614,0.22636746143057504
제품 품질,829,0.11626928471248246
오배송/구성,431,0.06044880785413745
