Category,Count,Ratio
물류/배송,855,0.4398148148148148
기타/불명,745,0.38323045267489714
서비스/응대,293,0.1507201646090535
제품 품질,208,0.10699588477366255
오배송/구성,90,0.046296296296296294
